【中古】【安心保証】 iPhone14[128GB] SIMフリー MPUQ3J スターライト,100782,スターライト
【中古】【安心保証】 iPhone14[128GB] SIMフリー MR3Q3J イエロー,100782,イエロー
【中古】【安心保証】 iPhone14[128GB] SoftBank MPV93J PRODUCTRED,99792,PRODUCTRED
【中古】【安心保証】 iPhone14[128GB] SIMフリー MPVJ3J ブルー,99792,ブルー
【中古】【安心保証】 iPhone14[128GB] SIMフリー MPUQ3J スターライト,99792,スターライト
【中古】【安心保証】 iPhone14[128GB] SIMフリー MPUQ3J スターライト,99792,スターライト
【中古】【安心保証】 iPhone14[128GB] SIMフリー MPUQ3J スターライト,99792,スターライト
【中古】【安心保証】 iPhone14[128GB] 楽天モバイル MPUQ3J スターライト,99792,スターライト
【中古】【安心保証】 iPhone14[128GB] SIMフリー MPUQ3J スターライト,99792,スターライト
【中古】【安心保証】 iPhone14[128GB] SIMフリー MPUQ3J スターライト,99792,スターライト
